title,description
Energy,fantasiagenesis creates narratives about energy.
Water,fantasiagenesis creates narratives about water.
Music,fantasiagenesis creates narratives about music.
Spice,fantasiagenesis creates narratives about spice.
Basketball,fantasiagenesis creates narratives about basketball.
God,fantasiagenesis creates narratives about God.
Mind,fantasiagenesis creates narratives about mind.
Money,fantasiagenesis creates narratives about money.
Science Fiction,fantasiagenesis creates narratives about science fiction.
Movies,fantasiagenesis creates narratives about movies.
Artificial Intelligence,fantasiagenesis creates narratives about artificial intelligence.
Humans,fantasiagenesis creates narratives about humans.
Sex,fantasiagenesis creates narratives about sex.
Quantum Engineering,fantasiagenesis creates narratives about quantum engineering.
Biological Engineering,fantasiagenesis creates narratives about biological engineering.
Food,fantasiagenesis creates narratives about food.
Geography,fantasiagenesis creates narratives about geography.
Waste,fantasiagenesis creates narratives about waste.
Computers,fantasiagenesis creates narratives about computers.
Housing,fantasiagenesis creates narratives about housing.
War,fantasiagenesis creates narratives about war.
Climate,fantasiagenesis creates narratives about climate.
Civiliation,fantasiagenesis creates narratives about civilization.
Education,fantasiagenesis creates narratives about education.
Internet,fantasiagenesis creates narratives about the internet.
Human Body,fantasiagenesis creates narratives about the human body. 
Transportation,fantasiagenesis creates narratives about transportation.
Vaccines,fantasiagenesis creates narratives about vaccines.
Space,fantasiagenesis creates narratives about space.
